REGION	POS	REF	ALT	REF_DP	REF_RV	REF_QUAL	ALT_DP	ALT_RV	ALT_QUAL	ALT_FREQ	TOTAL_DP	PVAL	PASS	GFF_FEATURE	REF_CODON	REF_AA	ALT_CODON	ALT_AA
SARS_CoV_2	2727	C	T	0	0	0	560	361	58	1	560	0	TRUE	cds-QHD43415.1	ACA	T	ATA	I
SARS_CoV_2	2790	C	T	0	0	0	394	289	54	1	394	9.07615e-291	TRUE	cds-SARS_CoV_2	1627	C	T	22SARS_CoV_2	2790	C	T	7	4	56	6419	5271	47	0.998911	6426	0	TRUE	cds-QHDSARS_CoV_2	2790	C	T	SARS_CoV_2	3037	C	T	2	2	34	3917	2696	50	0.99949	3919	0	TRUE	cds-QHD43415.1	TTC	F	TTT	F
SARS_CoV_2	4184	G	A	1	1	32	7303	3096	54	0.999863	7304	0	TRUE	cds-QHD43415.1	GGT	G	AGT	S
SARS_CoV_2	4321	C	T	407	29	35	3188	2810	42	0.886541	3596	0	TRUE	cds-QHD43415.1	GCC	A	GCT	A
SARS_CoV_2	5023	G	T	0	0	0	8010	1162	44	0.999376	8015	0	TRUE	cSARS_CoV_2	9344	C	T	0	0	0	SARS_CoV_2	9344	C	T	0	0	0	3150	1118	48	0.999683	3151	0	TRUE	cds-QHD43415.1	CTT	L	TTT	F
SARS_CoV_2	9424	A	G	1	1	68	3525	2591	52	0.999433	3527	0	TRUE	cds-QHD43415.1	GTA	V	GTG	V
SARS_CoV_2	9534	C	T	1	1	36	6113	1696	43	0.999836	6114	0	TRUE	cds-QHD43415.1	ACT	T	ATT	I
SARS_CoV_2	9866	C	T	0	0	0	1835	249	42	1	1835	0	TRUE	cds-QHD43415.1	CTT	L	TTT	F
SARS_CoV_2	10029	C	T	1	0	36	5025	3615	53	0.999801	5026	0	TRUE	cds-QHD43415.1	ACC	T	ATC	I
SARS_CoV_2	10138	C	T	3	1	45	7116	2503	41	0.999579	7119	0	TRUE	cds-QHD43415.1	AAC	N	AAT	N
SARS_CoV_2	10183	C	T	8	1	51	7346	1065	45	0.998641	7356	0	TRUE	cds-QHD43415.1	ATC	I	ATT	I
SARS_CoV_2	10198	C	T	0	0	0	8215	1365	46	1	8215	0	TRUE	cds-QHD43415.1	GAC	D	GAT	D
SARS_CoV_2	10330	T	C	2	2	36	9320	6564	48	0.999785	9322	0	TRUE	cds-QHD43415.1	GAT	D	GAC	D
SARS_CoV_2	10447	G	A	0	0	0	8089	4489	42	0.999876	8090	0	TRUE	cds-QHD43415.1	AGG	R	AGA	R
SARS_CoV_2	10449	C	A	0	0	0	7918	4269	42	0.998991	7926	0	TRUE	cds-QHD43415.1	CCC	P	CAC	H
SARS_CoV_2	10681	C	T	2	1	33	7886	6482	46	0.999493	7890	0	TRUE	cds-QHD43415.1	TAC	Y	TAT	Y
SARS_CoV_2	11287	G	-NNNNNNNNN	6594	5522	46	7921	0	20	0.900523	8796	0	TRUE	NA	NA	NA	NA	NA
SARS_CoV_2	11288	T	A	0	0	0	48	7	30	1	48	6.70694e-118	TRUE	cds-QHD43415.1	TCT	S	ACT	T
SARS_CoV_2	11291	G	A	0	0	0	10	6	57	1	10	3.48048e-33	TRUE	cds-QHD43415.1	GGT	G	AGT	S
SARS_CoV_2	11296	T	G	1	0	72	22	13	58	0.88	25	3.56684e-64	TRUE	cds-QHD43415.1	TTT	F	TTG	L
SARS_CoV_2	12747	C	T	0	0	0	4838	3158	52	0.999793	4839	0	TRUE	cds-QHD43415.1	ACT	T	ATT	I
SARS_CoV_2	12880	C	T	0	0	0	2474	1898	41	1	2474	0	TRUE	cds-QHD43415.1	ATC	I	ATT	I
SARS_CoV_2	14408	C	T	2	1	54	5727	2060	44	0.999651	5729	0	TRUE	cds-QHD43415.1	CCT	P	CTT	L
SARS_CoV_2	15714	C	T	4	2	45	7192	2698	47	0.998889	7200	0	TRUE	cds-QHD43415.1	CTC	L	CTT	L
15.1	GAA	E	GAG	E
SARS_CoV_2	21618	C	T	0	0	0	2291	761	42	1	2291	0	TRUE	cds-QHD43416.1	ACA	T	ATA	I
SARS_CoV_2	21632	T	-NNNNNNNNN	2259	721	43	2566	0	20	0.92971	2760	0	TRUE	NA	NA	NA	NA	NA
SARS_CoV_2	21764	A	-NNNNNN	2299	1418	50	2967	0	20	0.883562	3358	0	TRUE	NA	NA	NA	NA	NA
SARS_CoV_2	21770	G	A	0	0	0	117	111	33	1	117	4.15844e-212	TRUE	cds-QHD43416.1	GTC	V	ATC	I
SARS_CoV_2	21987	G	A	1	0	36	3547	483	44	0.999718	3548	0	TRUE	cds-QHD43416.1	GGT	G	GAT	D
SARS_CoV_2	22200	T	G	1	0	36	2782	2091	42	0.999641	2783	0	TRUE	cds-QHD43416.1	GTG	V	GGG	G
SARS_CoV_2	22578	G	A	0	0	0	740	399	46	1	740	0	TRUE	cds-QHD43416.1	GGT	G	GAT	D
SARS_CoV_2	22674	C	T	8	3	35	665	566	43	0.988113	673	0	TRUE	cds-QHD43416.1	TCC	S	TTC	F
SARS_CoV_2	22679	T	C	0	0	0	601	515	42	1	601	0	TRUE	cds-QHD43416.1	TCA	S	CCA	P
SARS_CoV_2	22686	C	T	0	0	0	601	525	42	1	601	0	TRUE	cds-QHD43416.1	TCC	S	TTC	F
SARS_CoV_2	22688	A	G	0	0	0	601	528	40	1	601	0	TRUE	cds-QHD43416.1	ACT	T	GCT	A
SARS_CoV_2	22775	G	A	0	0	0	446	178	41	1	446	2.27939e-291	TRUE	cds-QHD43416.1	GAT	D	AAT	N
SARS_CoV_2	22786	A	C	51	47	38	381	87	43	0.881944	432	9.30399e-213	TRUE	cds-QHD43416.1	AGA	R	AGC	S
SARS_CoV_2	22813	G	T	0	0	0	463	100	47	0.997845	464	0	TRUE	cds-QHD43416.1	AAG	K	AAT	N
SARS_CoV_2	22882	T	G	0	0	0	694	254	57	1	694	0	TRUE	cds-QHD43416.1	AAT	N	AAG	K
SARS_CoV_2	22917	T	G	0	0	0	721	390	54	1	721	0	TRUE	cds-QHD43416.1	CTG	L	CGG	R
SARS_CoV_2	22992	G	A	0	0	0	2014	614	43	0.999504	2015	0	TRUE	cds-QHD43416.1	AGC	S	AAC	N
SARS_CoV_2	22995	C	A	0	0	0	2008	605	43	1	2008	0	TRUE	cds-QHD43416.1	ACA	T	AAA	K
SARS_CoV_2	23013	A	C	1	1	72	2725	596	42	0.999633	2726	0	TRUE	cds-QHD43416.1	GAA	E	GCA	A
SARS_CoV_2	23018	T	G	0	0	0	2861	569	42	0.999651	2862	0	TRUE	cds-QHD43416.1	TTT	F	GTT	V
SARS_CoV_2	23055	A	G	2	2	54	3629	456	42	0.999449	3631	0	TRUE	cds-QHD43416.1	CAA	Q	CGA	R
SARS_CoV_2	23063	A	T	0	0	0	4197	510	42	1	4197	0	TRUE	cds-QHD43416.1	AAT	N	TAT	Y
SARS_CoV_2	23075	T	C	0	0	0	4402	789	46	1	4402	0	TRUE	cds-QHD43416.1	TAC	Y	CAC	H
SARS_CoV_2	23403	A	G	1	0	36	5312	1420	49	0.999812	5313	0	TRUE	cds-QHD43416.1	GAT	D	GGT	G
SARS_CoV_2	23525	C	T	0	0	0	4872	4388	42	0.999795	4873	0	TRUE	cds-QHD43416.1	CAT	H	TAT	Y
SARS_CoV_2	23599	T	G	0	0	0	1794	1478	41	0.999443	1795	0	TRUE	cds-QHD43416.1	AAT	N	AAG	K
SARS_CoV_2	23604	C	A	0	0	0	1549	1251	41	1	1549	0	TRUE	cds-QHD43416.1	CCT	P	CAT	H
SARS_CoV_2	23707	C	T	0	0	0	364	124	55	1	364	8.34527e-275	TRUE	cds-QHD43416.1	CCC	P	CCT	P
SARS_CoV_2	23854	C	A	1	1	32	239	189	41	0.995833	240	8.38888e-155	TRUE	cds-QHD43416.1	AAC	N	AAA	K
SARS_CoV_2	23948	G	T	8	3	36	1826	232	42	0.995095	1835	0	TRUE	cds-QHD43416.1	GAT	D	TAT	Y
SARS_CoV_2	24424	A	T	0	0	0	2544	2041	48	1	2544	0	TRUE	cds-QHD43416.1	CAA	Q	CAT	H
SARS_CoV_2	24469	T	A	0	0	0	2627	1636	42	1	2627	0	TRUE	cds-QHD43416.1	AAT	N	AAA	K
SARS_CoV_2	25000	C	T	0	0	0	2184	1619	51	1	2184	0	TRUE	cds-QHD43416.1	GAC	D	GAT	D
SARS_CoV_2	25584	C	T	1	0	72	1480	1244	45	0.999325	1481	0	TRUE	cds-QHD43417.1	ACC	T	ACT	T
SARS_CoV_2	25634	G	T	0	0	0	981	836	45	1	981	0	TRUE	cds-QHD43417.1	TGC	C	TTC	F
SARS_CoV_2	26060	C	T	2	0	36	4354	519	41	0.999541	4356	0	TRUE	cds-QHD43417.1	ACT	T	ATT	I
SARS_CoV_2	26270	C	T	1436	64	35	3698	3146	39	0.720296	5134	0	TRUE	cds-QHD43418.1	ACA	T	ATA	I
16.1	CAA	Q	CAT	H
SARS_CoV_2	24469	T	A	0	0	0	2355	1596	43	1	2355	0	TRUE	cds-QHD43416.1	AAT	N	AAA	K
SARS_CoV_2	25000	C	T	0	0	0	1513	1004	52	1	1513	0	TRUE	cds-QHD43416.1	GAC	D	GAT	D
SARS_CoV_2	25584	C	T	0	0	0	1918	1562	48	1	1918	0	TRUE	cds-QHD43417.1	ACC	T	ACT	T
SARS_CoV_2	25688	C	T	0	0	0	1754	813	40	0.99943	1755	0	TRUE	cds-QHD43417.1	GCT	A	GTT	V
SARS_CoV_2	26060	C	T	0	0	0	3722	381	42	1	3722	0	TRUE	cds-QHD43417.1	ACT	T	ATT	I
SARS_CoV_2	26270	C	T	1691	93	36	3397	2730	41	0.667649	5088	0	TRUE	cds-QHD43418.1	ACA	T	ATA	I
SARS_CoV_2	26529	G	A	2	2	36	4437	3874	44	0.999549	4439	0	TRUE	cds-QHD43419.1	GAT	D	AAT	N
SARS_CoV_2	26577	C	G	281	42	36	2851	2612	41	0.910281	3132	0	TRUE	cds-QHD43419.1	CAA	Q	GAA	E
SARS_CoV_2	26709	G	A	0	0	0	4993	891	46	1	4993	0	TRUE	cds-QHD43419.1	GCT	A	ACT	T
SARS_CoV_2	27012	C	T	0	0	0	1479	323	49	1	1479	0	TRUE	cds-QHD43419.1	CTG	L	TTG	L
